{"0": {"precision": 0.9846659364731654, "recall": 0.9955703211517165, "f1-score": 0.9900881057268722, "support": 903.0}, "1": {"precision": 0.9669421487603306, "recall": 0.8931297709923665, "f1-score": 0.9285714285714286, "support": 131.0}, "accuracy": 0.9825918762088974, "macro avg": {"precision": 0.975804042616748, "recall": 0.9443500460720415, "f1-score": 0.9593297671491504, "support": 1034.0}, "weighted avg": {"precision": 0.9824204662697017, "recall": 0.9825918762088974, "f1-score": 0.9822944067835809, "support": 1034.0}}